{
 "sbType": "File",
 "snapshot": {
  "data": {
   "blocks": [
    {
     "id": "bafybeia2iaa4wwqxsgi3nir3q3y3txnlxwcovu42hvnopqvs35iwq54gve",
     "restrictions": {
      "edit": true,
      "remove": true,
      "drag": true,
      "dropOn": true
     },
     "childrenIds": [
      "header",
      "file",
      "rel4"
     ],
     "smartblock": {

     }
    },
    {
     "id": "header",
     "restrictions": {
      "edit": true,
      "remove": true,
      "drag": true,
      "dropOn": true
     },
     "childrenIds": [
      "title",
      "featuredRelations"
     ],
     "layout": {
      "style": "Header"
     }
    },
    {
     "id": "file",
     "restrictions": {
      "edit": true,
      "remove": true,
      "drag": true,
      "dropOn": true
     },
     "file": {
      "hash": "bafybeia2iaa4wwqxsgi3nir3q3y3txnlxwcovu42hvnopqvs35iwq54gve",
      "name": "free_test_data_100kb_mp3.mp3",
      "type": "Audio",
      "mime": "audio/mpeg",
      "size": "103016",
      "state": "Done"
     }
    },
    {
     "id": "rel4",
     "restrictions": {
      "edit": true,
      "remove": true,
      "drag": true,
      "dropOn": true
     },
     "relation": {
      "key": "sizeInBytes"
     }
    },
    {
     "id": "title",
     "fields": {
       "_detailsKey": [
          "name",
          "done"
         ]
      },
     "restrictions": {
      "edit": true,
      "remove": true,
      "drag": true,
      "dropOn": true
     },
     "text": {
      "style": "Title",
      "marks": {

      }
     }
    },
    {
     "id": "featuredRelations",
     "restrictions": {
      "edit": true,
      "remove": true,
      "drag": true,
      "dropOn": true
     },
     "featuredRelations": {

     }
    }
   ],
   "details": {
     "addedDate": 1701076564,
     "backlinks": [
        "bafyreibrkd4tzqipr26x6nmwiua5dsfa65axc354krysosyqf5n4ttywcq",
        "bafyreiesojer3appi4hoivyrijulrgfsbwddd5odar27w5zsup66lmucai",
        "bafyreih5niihabm4xhwxdp5cf2yix5hiwdwj2mw6gtywsswhsnn5sjhgcm",
        "bafyreihddzqhmk4bvk46dbis3y3jidcm5b25mvljmmhrq24ptmgrssoymy"
       ],
     "createdDate": 1700949298,
     "creator": "_id_A8Mjw7Djy5fXzN9D9oDrMugn9NrXBgbMjt2Q9uYwaecx34KB",
     "featuredRelations": [
        "type"
       ],
     "fileExt": "mp3",
     "fileMimeType": "audio/mpeg",
     "fileSyncStatus": 1,
     "id": "bafybeia2iaa4wwqxsgi3nir3q3y3txnlxwcovu42hvnopqvs35iwq54gve",
     "isReadonly": true,
     "lastModifiedBy": "_id_A8Mjw7Djy5fXzN9D9oDrMugn9NrXBgbMjt2Q9uYwaecx34KB",
     "lastModifiedDate": 1700949298,
     "layout": 6,
     "links": [
       ],
     "name": "free_test_data_100kb_mp3",
     "origin": 2,
     "restrictions": [
        3,
        2,
        4,
        6,
        5,
        7,
        8
       ],
     "sizeInBytes": 103016,
     "snippet": "",
     "source": "files\\free_test_data_100kb_mp3.mp3",
     "spaceId": "bafyreiespa4whmoc3uzjxhlt7532ih6tpqoh3oiww627wxd3x543hyknxm.1ffzfstgd4p9l",
     "type": "bafyreicouhgvzocymon343ukganisqlpmto2a3x4bixp3u53n367xbgysq"
    },
   "objectTypes": [
    "ot-audio"
   ],
   "relationLinks": [
    {
     "key": "layout",
     "format": "number"
    },
    {
     "key": "name",
     "format": "shorttext"
    },
    {
     "key": "addedDate",
     "format": "date"
    },
    {
     "key": "origin",
     "format": "number"
    },
    {
     "key": "fileMimeType"
    },
    {
     "key": "sizeInBytes",
     "format": "number"
    },
    {
     "key": "creator",
     "format": "object"
    },
    {
     "key": "type",
     "format": "object"
    },
    {
     "key": "fileSyncStatus",
     "format": "number"
    },
    {
     "key": "id",
     "format": "object"
    },
    {
     "key": "isReadonly",
     "format": "checkbox"
    },
    {
     "key": "lastModifiedBy",
     "format": "object"
    },
    {
     "key": "snippet"
    },
    {
     "key": "links",
     "format": "object"
    },
    {
     "key": "createdDate",
     "format": "date"
    },
    {
     "key": "restrictions",
     "format": "number"
    },
    {
     "key": "fileExt"
    },
    {
     "key": "backlinks",
     "format": "object"
    },
    {
     "key": "spaceId",
     "format": "object"
    },
    {
     "key": "lastModifiedDate",
     "format": "date"
    }
   ]
  },
  "fileKeys": [
   {
    "hash": "bafybeia2iaa4wwqxsgi3nir3q3y3txnlxwcovu42hvnopqvs35iwq54gve",
    "keys": {
     "/0/": "bwxktylew7twypstqyeozeiw4od62xasmo7wwvgnqa4cg3xx63apq"
    }
   }
  ]
 }
}