{
 "sbType": "File",
 "snapshot": {
  "data": {
   "blocks": [
    {
     "id": "bafybeibzbis4s6lpgxlfz3mcqkz3wyay4fyylq73fywnmynrxuuncuig3a",
     "restrictions": {
      "edit": true,
      "remove": true,
      "drag": true,
      "dropOn": true
     },
     "childrenIds": [
      "header",
      "file",
      "rel4"
     ],
     "smartblock": {

     }
    },
    {
     "id": "header",
     "restrictions": {
      "edit": true,
      "remove": true,
      "drag": true,
      "dropOn": true
     },
     "childrenIds": [
      "title",
      "featuredRelations"
     ],
     "layout": {
      "style": "Header"
     }
    },
    {
     "id": "file",
     "restrictions": {
      "edit": true,
      "remove": true,
      "drag": true,
      "dropOn": true
     },
     "file": {
      "hash": "bafybeibzbis4s6lpgxlfz3mcqkz3wyay4fyylq73fywnmynrxuuncuig3a",
      "name": "crash_2023-11-01T23_40_51.log",
      "type": "File",
      "size": "23297",
      "state": "Done"
     }
    },
    {
     "id": "rel4",
     "restrictions": {
      "edit": true,
      "remove": true,
      "drag": true,
      "dropOn": true
     },
     "relation": {
      "key": "sizeInBytes"
     }
    },
    {
     "id": "title",
     "fields": {
       "_detailsKey": [
          "name",
          "done"
         ]
      },
     "restrictions": {
      "edit": true,
      "remove": true,
      "drag": true,
      "dropOn": true
     },
     "text": {
      "style": "Title",
      "marks": {

      }
     }
    },
    {
     "id": "featuredRelations",
     "restrictions": {
      "edit": true,
      "remove": true,
      "drag": true,
      "dropOn": true
     },
     "featuredRelations": {

     }
    }
   ],
   "details": {
     "addedDate": 1706106057,
     "backlinks": [
        "bafyreich4yeulktqmredizljjh3nye7vtibdv4g6xeujivijydrqnktwi4"
       ],
     "createdDate": 1699014572,
     "creator": "_id_A8Mjw7Djy5fXzN9D9oDrMugn9NrXBgbMjt2Q9uYwaecx34KB",
     "featuredRelations": [
        "type"
       ],
     "fileExt": "log",
     "fileMimeType": "",
     "fileSyncStatus": 1,
     "id": "bafybeibzbis4s6lpgxlfz3mcqkz3wyay4fyylq73fywnmynrxuuncuig3a",
     "isReadonly": true,
     "lastModifiedBy": "_id_A8Mjw7Djy5fXzN9D9oDrMugn9NrXBgbMjt2Q9uYwaecx34KB",
     "lastModifiedDate": 1699014572,
     "layout": 6,
     "links": [
       ],
     "name": "crash_2023-11-01T23_40_51",
     "origin": 2,
     "restrictions": [
        3,
        2,
        4,
        6,
        5,
        7,
        8
       ],
     "sizeInBytes": 23297,
     "snippet": "",
     "source": "files\\crash_2023-11-01t23_40_51.log",
     "spaceId": "bafyreie5sbrtzs23h446vmkwgj2s3cxn2gvj7g3wm5ghuhrr7idulbja2i.1ffzfstgd4p9l",
     "type": "bafyreiagnkbipblzhdrfkpvi5ccvblxdlxeesauvdqfv7mcod6aawopiiu"
    },
   "objectTypes": [
    "ot-file"
   ],
   "relationLinks": [
    {
     "key": "layout",
     "format": "number"
    },
    {
     "key": "addedDate",
     "format": "date"
    },
    {
     "key": "origin",
     "format": "number"
    },
    {
     "key": "fileMimeType"
    },
    {
     "key": "name",
     "format": "shorttext"
    },
    {
     "key": "sizeInBytes",
     "format": "number"
    },
    {
     "key": "creator",
     "format": "object"
    },
    {
     "key": "createdDate",
     "format": "date"
    },
    {
     "key": "id",
     "format": "object"
    },
    {
     "key": "spaceId",
     "format": "object"
    },
    {
     "key": "type",
     "format": "object"
    },
    {
     "key": "isReadonly",
     "format": "checkbox"
    },
    {
     "key": "snippet"
    },
    {
     "key": "backlinks",
     "format": "object"
    }
   ]
  },
  "fileKeys": [
   {
    "hash": "bafybeibzbis4s6lpgxlfz3mcqkz3wyay4fyylq73fywnmynrxuuncuig3a",
    "keys": {
     "/0/": "bz7thsgglttk3lg262xw6z2gub4lw3lh7gnps5cs7pbap6mymfw3a"
    }
   }
  ]
 }
}