{
 "sbType": "STType",
 "snapshot": {
  "data": {
   "blocks": [
    {
     "id": "bafyreifsuu5gnlnxbtcejay3h5cxrbczvff4iqx2krzk7zmgzxyasko5ne",
     "restrictions": {

     },
     "childrenIds": [
      "header"
     ],
     "smartblock": {

     }
    },
    {
     "id": "header",
     "restrictions": {
      "edit": true,
      "remove": true,
      "drag": true,
      "dropOn": true
     },
     "childrenIds": [
      "title",
      "featuredRelations"
     ],
     "layout": {
      "style": "Header"
     }
    },
    {
     "id": "title",
     "fields": {
       "_detailsKey": [
          "name",
          "done"
         ]
      },
     "restrictions": {
      "remove": true,
      "drag": true,
      "dropOn": true
     },
     "text": {
      "style": "Title",
      "marks": {

      }
     }
    },
    {
     "id": "featuredRelations",
     "restrictions": {
      "remove": true,
      "drag": true,
      "dropOn": true
     },
     "featuredRelations": {

     }
    }
   ],
   "details": {
     "backlinks": [
       ],
     "createdDate": 1704196053,
     "creator": "_anytype_profile",
     "description": "Blank canvas with Title",
     "featuredRelations": [
        "backlinks",
        "type"
       ],
     "iconEmoji": "📄",
     "id": "bafyreifsuu5gnlnxbtcejay3h5cxrbczvff4iqx2krzk7zmgzxyasko5ne",
     "internalFlags": [
       ],
     "isArchived": false,
     "isHidden": false,
     "isReadonly": true,
     "lastModifiedBy": "_id_A8Mjw7Djy5fXzN9D9oDrMugn9NrXBgbMjt2Q9uYwaecx34KB",
     "lastModifiedDate": 1704196053,
     "lastUsedDate": 1706106023,
     "layout": 4,
     "links": [
       ],
     "name": "Page",
     "origin": 7,
     "recommendedLayout": 0,
     "recommendedRelations": [
        "bafyreihw5jfibuxqscf6sybuwlgh6fuw5zak4qyshi7hlwja6yj5nbymja",
        "bafyreiffmyxczssuqbrdl6pwtqqeersip4o6cbose4n6xbfq7fc26iu3su"
       ],
     "restrictions": [
        3,
        6,
        5,
        7,
        4,
        1
       ],
     "revision": 0,
     "smartblockTypes": [
        16
       ],
     "snippet": "",
     "sourceObject": "_otpage",
     "spaceId": "bafyreie5sbrtzs23h446vmkwgj2s3cxn2gvj7g3wm5ghuhrr7idulbja2i.1ffzfstgd4p9l",
     "type": "bafyreiaktwlkw623urs4jkrbbvajhydxl6jg5g6aoi4jj42q5zpgqy7rya",
     "uniqueKey": "ot-page"
    },
   "objectTypes": [
    "ot-objectType"
   ],
   "relationLinks": [
    {
     "key": "spaceId",
     "format": "object"
    },
    {
     "key": "recommendedLayout",
     "format": "number"
    },
    {
     "key": "recommendedRelations",
     "format": "object"
    },
    {
     "key": "description"
    },
    {
     "key": "internalFlags",
     "format": "number"
    },
    {
     "key": "isHidden",
     "format": "checkbox"
    },
    {
     "key": "name",
     "format": "shorttext"
    },
    {
     "key": "smartblockTypes",
     "format": "number"
    },
    {
     "key": "featuredRelations",
     "format": "object"
    },
    {
     "key": "sourceObject",
     "format": "object"
    },
    {
     "key": "revision",
     "format": "number"
    },
    {
     "key": "origin",
     "format": "number"
    },
    {
     "key": "layout",
     "format": "number"
    },
    {
     "key": "iconEmoji",
     "format": "emoji"
    },
    {
     "key": "id",
     "format": "object"
    },
    {
     "key": "uniqueKey"
    },
    {
     "key": "isReadonly",
     "format": "checkbox"
    },
    {
     "key": "snippet"
    },
    {
     "key": "backlinks",
     "format": "object"
    },
    {
     "key": "iconImage",
     "format": "file"
    },
    {
     "key": "type",
     "format": "object"
    },
    {
     "key": "layoutAlign",
     "format": "number"
    },
    {
     "key": "coverId"
    },
    {
     "key": "coverScale",
     "format": "number"
    },
    {
     "key": "coverType",
     "format": "number"
    },
    {
     "key": "coverX",
     "format": "number"
    },
    {
     "key": "coverY",
     "format": "number"
    },
    {
     "key": "createdDate",
     "format": "date"
    },
    {
     "key": "creator",
     "format": "object"
    },
    {
     "key": "lastModifiedDate",
     "format": "date"
    },
    {
     "key": "lastModifiedBy",
     "format": "object"
    },
    {
     "key": "lastOpenedDate",
     "format": "date"
    },
    {
     "key": "isFavorite",
     "format": "checkbox"
    },
    {
     "key": "workspaceId",
     "format": "object"
    },
    {
     "key": "links",
     "format": "object"
    },
    {
     "key": "restrictions",
     "format": "number"
    },
    {
     "key": "isArchived",
     "format": "checkbox"
    },
    {
     "key": "lastUsedDate",
     "format": "date"
    }
   ],
   "key": "page"
  }
 }
}