{
 "sbType": "STType",
 "snapshot": {
  "data": {
   "blocks": [
    {
     "id": "bafyreicrv3ier6vkf2upojb2ykh76cuugvpm77mgm565at2wjfhycnzmqm",
     "restrictions": {

     },
     "childrenIds": [
      "header"
     ],
     "smartblock": {

     }
    },
    {
     "id": "header",
     "restrictions": {
      "edit": true,
      "remove": true,
      "drag": true,
      "dropOn": true
     },
     "childrenIds": [
      "title",
      "featuredRelations"
     ],
     "layout": {
      "style": "Header"
     }
    },
    {
     "id": "title",
     "fields": {
       "_detailsKey": [
          "name",
          "done"
         ]
      },
     "restrictions": {
      "remove": true,
      "drag": true,
      "dropOn": true
     },
     "text": {
      "style": "Title",
      "marks": {

      }
     }
    },
    {
     "id": "featuredRelations",
     "restrictions": {
      "remove": true,
      "drag": true,
      "dropOn": true
     },
     "featuredRelations": {

     }
    }
   ],
   "details": {
     "backlinks": [
       ],
     "createdDate": 1704196053,
     "creator": "_anytype_profile",
     "description": "Auto-generated object from files added to Anytype. Computer resource for recording data in a computer storage device",
     "featuredRelations": [
        "backlinks",
        "type"
       ],
     "iconEmoji": "📎",
     "id": "bafyreicrv3ier6vkf2upojb2ykh76cuugvpm77mgm565at2wjfhycnzmqm",
     "internalFlags": [
       ],
     "isArchived": false,
     "isHidden": false,
     "isReadonly": true,
     "lastModifiedBy": "_id_A8Mjw7Djy5fXzN9D9oDrMugn9NrXBgbMjt2Q9uYwaecx34KB",
     "lastModifiedDate": 1704196053,
     "lastUsedDate": 1704985943,
     "layout": 4,
     "links": [
       ],
     "name": "File",
     "origin": 7,
     "recommendedLayout": 6,
     "recommendedRelations": [
        "bafyreibbwwnea62m3jejc2p4w4ev24lnfe5iwuvwhifu6ymiirxm5fwai4",
        "bafyreicxztpitvbcngiorfsdkgqir64hlgujezjb5eo3giv3xxxbee2swm",
        "bafyreifcecnwlw2kvnu5wsw6fqzhsqgs2jux7simydydwvc4mwge4whwde",
        "bafyreicv72zpq74rugga3b2xs7ydsubg7ppz4kqy4haaxjxgecrgxnj7nm",
        "bafyreic2ldeaxiwte5lbhooxoltzh4wkjjx6qscs6po4mix5oojxhy6e7a"
       ],
     "restrictions": [
        3,
        6,
        5,
        7,
        4,
        1
       ],
     "revision": 0,
     "smartblockTypes": [
        256
       ],
     "snippet": "",
     "sourceObject": "_otfile",
     "spaceId": "bafyreiedptrl42edsyi2pebpoopgasa2yfna6cgauzrjk5gyvwcpsywsmm.1ffzfstgd4p9l",
     "type": "bafyreidiplurnxvlhgid74irdntkrzri4glv5jd2nq3ewuxvcah3jznaz4",
     "uniqueKey": "ot-file"
    },
   "objectTypes": [
    "ot-objectType"
   ],
   "relationLinks": [
    {
     "key": "spaceId",
     "format": "object"
    },
    {
     "key": "description"
    },
    {
     "key": "recommendedRelations",
     "format": "object"
    },
    {
     "key": "iconEmoji",
     "format": "emoji"
    },
    {
     "key": "isHidden",
     "format": "checkbox"
    },
    {
     "key": "layout",
     "format": "number"
    },
    {
     "key": "name",
     "format": "shorttext"
    },
    {
     "key": "featuredRelations",
     "format": "object"
    },
    {
     "key": "internalFlags",
     "format": "number"
    },
    {
     "key": "smartblockTypes",
     "format": "number"
    },
    {
     "key": "origin",
     "format": "number"
    },
    {
     "key": "revision",
     "format": "number"
    },
    {
     "key": "recommendedLayout",
     "format": "number"
    },
    {
     "key": "sourceObject",
     "format": "object"
    },
    {
     "key": "id",
     "format": "object"
    },
    {
     "key": "uniqueKey"
    },
    {
     "key": "isReadonly",
     "format": "checkbox"
    },
    {
     "key": "snippet"
    },
    {
     "key": "backlinks",
     "format": "object"
    },
    {
     "key": "iconImage",
     "format": "file"
    },
    {
     "key": "type",
     "format": "object"
    },
    {
     "key": "layoutAlign",
     "format": "number"
    },
    {
     "key": "coverId"
    },
    {
     "key": "coverScale",
     "format": "number"
    },
    {
     "key": "coverType",
     "format": "number"
    },
    {
     "key": "coverX",
     "format": "number"
    },
    {
     "key": "coverY",
     "format": "number"
    },
    {
     "key": "createdDate",
     "format": "date"
    },
    {
     "key": "creator",
     "format": "object"
    },
    {
     "key": "lastModifiedDate",
     "format": "date"
    },
    {
     "key": "lastModifiedBy",
     "format": "object"
    },
    {
     "key": "lastOpenedDate",
     "format": "date"
    },
    {
     "key": "isFavorite",
     "format": "checkbox"
    },
    {
     "key": "workspaceId",
     "format": "object"
    },
    {
     "key": "links",
     "format": "object"
    },
    {
     "key": "restrictions",
     "format": "number"
    },
    {
     "key": "isArchived",
     "format": "checkbox"
    },
    {
     "key": "lastUsedDate",
     "format": "date"
    }
   ],
   "key": "file"
  }
 }
}