{
 "sbType": "STType",
 "snapshot": {
  "data": {
   "blocks": [
    {
     "id": "bafyreicouhgvzocymon343ukganisqlpmto2a3x4bixp3u53n367xbgysq",
     "restrictions": {

     },
     "childrenIds": [
      "header"
     ],
     "smartblock": {

     }
    },
    {
     "id": "header",
     "restrictions": {
      "edit": true,
      "remove": true,
      "drag": true,
      "dropOn": true
     },
     "childrenIds": [
      "title",
      "description",
      "featuredRelations"
     ],
     "layout": {
      "style": "Header"
     }
    },
    {
     "id": "title",
     "fields": {
       "_detailsKey": [
          "name",
          "done"
         ]
      },
     "restrictions": {
      "remove": true,
      "drag": true,
      "dropOn": true
     },
     "text": {
      "style": "Title",
      "marks": {

      }
     }
    },
    {
     "id": "description",
     "fields": {
       "_detailsKey": "description"
      },
     "restrictions": {
      "remove": true,
      "drag": true,
      "dropOn": true
     },
     "text": {
      "style": "Description",
      "marks": {

      }
     }
    },
    {
     "id": "featuredRelations",
     "restrictions": {
      "remove": true,
      "drag": true,
      "dropOn": true
     },
     "featuredRelations": {

     }
    }
   ],
   "details": {
     "backlinks": [
       ],
     "createdDate": 0,
     "description": "Auto-generated object from .wav, .mp3, .ogg files added to Anytype. Sound when recorded, with ability to reproduce",
     "featuredRelations": [
        "description",
        "type",
        "backlinks"
       ],
     "iconEmoji": "🎵",
     "id": "bafyreicouhgvzocymon343ukganisqlpmto2a3x4bixp3u53n367xbgysq",
     "internalFlags": [
       ],
     "isHidden": false,
     "isReadonly": true,
     "lastModifiedBy": "_id_A8Mjw7Djy5fXzN9D9oDrMugn9NrXBgbMjt2Q9uYwaecx34KB",
     "lastModifiedDate": 1704196054,
     "layout": 4,
     "links": [
       ],
     "name": "Audio",
     "origin": 7,
     "recommendedLayout": 6,
     "recommendedRelations": [
        "bafyreifj4sp5rrnujc5oedczmrwnic4bif6q3gueufp3iwvkyu7v55s2he",
        "bafyreiaxzmfxglbsmvz3bxwqqsibvq3an2kjwviw5ytk2bu4ovzk2osz44",
        "bafyreict5aouxnvlgeyhu5vkraywpi6ancppp4ilmi5v3ywoqc6c5m6kre",
        "bafyreicg255c5ciwyt2txivj7iqvmkfiitxerbcegcaolzaxtlm4hztpci",
        "bafyreibjseiyks5n4ur6spopbnw3og4qxfit4rggx24mzejjznl3sxfcr4",
        "bafyreiglwy26qlbuovioy7vkcd3kvkl6puuu7a3pzajucgkgeidrd6p2he",
        "bafyreigdfy5x6j6z65xv6fw4kksipsb7npz7jhxmw4txue2abguc2nsqce",
        "bafyreicp5r3iw25jcawdezahulbb26in46w7shbkauwjzexkgeqgnigfxq",
        "bafyreidutdyxx7ty57rn46d5xqwsmpk4apyr6dls43tpll2gqlq6ar2a2q",
        "bafyreidzwhq4f4pegbkltafpe33qhjhoqqj2usutl6dhaymcpw3gi6rpcq",
        "bafyreidyygdhdyxyb7rpqr36xh7clzj5qie6g3zzcgy3b4ddy5ov43avzy",
        "bafyreiexowsyo24rsvi7umlxlat3l2x7agknrolriejb2ustpboksddzsa",
        "bafyreibllk2duswvyvjg7krigpsf5k6rxqfjrjf6da4g4emvkvlmk2t6ly",
        "bafyreic3strqswjijbjaootydxkdwjbkeyyj6c7aapnmugofimkigpumli"
       ],
     "restrictions": [
        3,
        6,
        5,
        7,
        4,
        1
       ],
     "revision": 0,
     "smartblockTypes": [
        256
       ],
     "snippet": "",
     "sourceObject": "_otaudio",
     "spaceId": "bafyreiespa4whmoc3uzjxhlt7532ih6tpqoh3oiww627wxd3x543hyknxm.1ffzfstgd4p9l",
     "type": "bafyreic2ivoqoqjzlchixsrr25zttiv6zxhlpgwrrzl2wc6m3wl2t2brki",
     "uniqueKey": "ot-audio"
    },
   "objectTypes": [
    "ot-objectType"
   ],
   "relationLinks": [
    {
     "key": "spaceId",
     "format": "object"
    },
    {
     "key": "description"
    },
    {
     "key": "layout",
     "format": "number"
    },
    {
     "key": "origin",
     "format": "number"
    },
    {
     "key": "name",
     "format": "shorttext"
    },
    {
     "key": "recommendedRelations",
     "format": "object"
    },
    {
     "key": "iconEmoji",
     "format": "emoji"
    },
    {
     "key": "recommendedLayout",
     "format": "number"
    },
    {
     "key": "sourceObject",
     "format": "object"
    },
    {
     "key": "internalFlags",
     "format": "number"
    },
    {
     "key": "isHidden",
     "format": "checkbox"
    },
    {
     "key": "smartblockTypes",
     "format": "number"
    },
    {
     "key": "id",
     "format": "object"
    },
    {
     "key": "uniqueKey"
    },
    {
     "key": "isReadonly",
     "format": "checkbox"
    },
    {
     "key": "snippet"
    },
    {
     "key": "iconImage",
     "format": "file"
    },
    {
     "key": "type",
     "format": "object"
    },
    {
     "key": "layoutAlign",
     "format": "number"
    },
    {
     "key": "coverId"
    },
    {
     "key": "coverScale",
     "format": "number"
    },
    {
     "key": "coverType",
     "format": "number"
    },
    {
     "key": "coverX",
     "format": "number"
    },
    {
     "key": "coverY",
     "format": "number"
    },
    {
     "key": "createdDate",
     "format": "date"
    },
    {
     "key": "creator",
     "format": "object"
    },
    {
     "key": "lastModifiedDate",
     "format": "date"
    },
    {
     "key": "lastModifiedBy",
     "format": "object"
    },
    {
     "key": "lastOpenedDate",
     "format": "date"
    },
    {
     "key": "featuredRelations",
     "format": "object"
    },
    {
     "key": "isFavorite",
     "format": "checkbox"
    },
    {
     "key": "workspaceId",
     "format": "object"
    },
    {
     "key": "links",
     "format": "object"
    },
    {
     "key": "restrictions",
     "format": "number"
    },
    {
     "key": "revision",
     "format": "number"
    },
    {
     "key": "backlinks",
     "format": "object"
    }
   ],
   "key": "audio"
  }
 }
}