{
 "sbType": "File",
 "snapshot": {
  "data": {
   "blocks": [
    {
     "id": "bafybeigmayfnuhw4lcqhhnwjnmzjj2ge7vzc7w22o7gxtb5repgqinavra",
     "restrictions": {
      "edit": true,
      "remove": true,
      "drag": true,
      "dropOn": true
     },
     "childrenIds": [
      "header",
      "file",
      "rel1",
      "rel2",
      "rel4"
     ],
     "smartblock": {

     }
    },
    {
     "id": "header",
     "restrictions": {
      "edit": true,
      "remove": true,
      "drag": true,
      "dropOn": true
     },
     "childrenIds": [
      "title",
      "featuredRelations"
     ],
     "layout": {
      "style": "Header"
     }
    },
    {
     "id": "file",
     "restrictions": {
      "edit": true,
      "remove": true,
      "drag": true,
      "dropOn": true
     },
     "file": {
      "hash": "bafybeigmayfnuhw4lcqhhnwjnmzjj2ge7vzc7w22o7gxtb5repgqinavra",
      "name": "sapin.png",
      "type": "Image",
      "mime": "image/png",
      "size": "116593",
      "state": "Done"
     }
    },
    {
     "id": "rel1",
     "restrictions": {
      "edit": true,
      "remove": true,
      "drag": true,
      "dropOn": true
     },
     "relation": {
      "key": "widthInPixels"
     }
    },
    {
     "id": "rel2",
     "restrictions": {
      "edit": true,
      "remove": true,
      "drag": true,
      "dropOn": true
     },
     "relation": {
      "key": "heightInPixels"
     }
    },
    {
     "id": "rel4",
     "restrictions": {
      "edit": true,
      "remove": true,
      "drag": true,
      "dropOn": true
     },
     "relation": {
      "key": "sizeInBytes"
     }
    },
    {
     "id": "title",
     "fields": {
       "_detailsKey": [
          "name",
          "done"
         ]
      },
     "restrictions": {
      "edit": true,
      "remove": true,
      "drag": true,
      "dropOn": true
     },
     "text": {
      "style": "Title",
      "marks": {

      }
     }
    },
    {
     "id": "featuredRelations",
     "restrictions": {
      "edit": true,
      "remove": true,
      "drag": true,
      "dropOn": true
     },
     "featuredRelations": {

     }
    }
   ],
   "details": {
     "addedDate": 1706106036,
     "backlinks": [
       ],
     "createdDate": 1706106036,
     "creator": "_id_A8Mjw7Djy5fXzN9D9oDrMugn9NrXBgbMjt2Q9uYwaecx34KB",
     "featuredRelations": [
        "type"
       ],
     "fileExt": "png",
     "fileMimeType": "image/png",
     "fileSyncStatus": 1,
     "heightInPixels": 256,
     "iconImage": "bafybeigmayfnuhw4lcqhhnwjnmzjj2ge7vzc7w22o7gxtb5repgqinavra",
     "id": "bafybeigmayfnuhw4lcqhhnwjnmzjj2ge7vzc7w22o7gxtb5repgqinavra",
     "isHidden": true,
     "isReadonly": true,
     "lastModifiedBy": "_id_A8Mjw7Djy5fXzN9D9oDrMugn9NrXBgbMjt2Q9uYwaecx34KB",
     "lastModifiedDate": 1706106036,
     "layout": 8,
     "links": [
       ],
     "name": "sapin",
     "origin": 2,
     "restrictions": [
        3,
        2,
        4,
        6,
        5,
        7,
        8
       ],
     "sizeInBytes": 116593,
     "snippet": "",
     "source": "files\\sapin.png",
     "spaceId": "bafyreie5sbrtzs23h446vmkwgj2s3cxn2gvj7g3wm5ghuhrr7idulbja2i.1ffzfstgd4p9l",
     "type": "bafyreigpg65kz42vuf34xxdnezfxhpledaqcn3kdcrwox23q25ujgi37xe",
     "widthInPixels": 256
    },
   "objectTypes": [
    "ot-image"
   ],
   "relationLinks": [
    {
     "key": "sizeInBytes",
     "format": "number"
    },
    {
     "key": "widthInPixels",
     "format": "number"
    },
    {
     "key": "layout",
     "format": "number"
    },
    {
     "key": "origin",
     "format": "number"
    },
    {
     "key": "heightInPixels",
     "format": "number"
    },
    {
     "key": "fileMimeType"
    },
    {
     "key": "addedDate",
     "format": "date"
    },
    {
     "key": "iconImage",
     "format": "file"
    },
    {
     "key": "isHidden",
     "format": "checkbox"
    },
    {
     "key": "name",
     "format": "shorttext"
    },
    {
     "key": "creator",
     "format": "object"
    },
    {
     "key": "createdDate",
     "format": "date"
    },
    {
     "key": "id",
     "format": "object"
    },
    {
     "key": "spaceId",
     "format": "object"
    },
    {
     "key": "type",
     "format": "object"
    },
    {
     "key": "isReadonly",
     "format": "checkbox"
    },
    {
     "key": "snippet"
    },
    {
     "key": "backlinks",
     "format": "object"
    }
   ]
  },
  "fileKeys": [
   {
    "hash": "bafybeigmayfnuhw4lcqhhnwjnmzjj2ge7vzc7w22o7gxtb5repgqinavra",
    "keys": {
     "/0/exif/": "blcnlwsy67jgflb5mory4dlar7z4pi7nen56czphoy56iiy3umsbq",
     "/0/large/": "bf72377ukz6lcpe4lzvngp5rxnw24x6iilcaeujmxyjjlgl3q5ljq",
     "/0/original/": "bf72377ukz6lcpe4lzvngp5rxnw24x6iilcaeujmxyjjlgl3q5ljq",
     "/0/small/": "bf72377ukz6lcpe4lzvngp5rxnw24x6iilcaeujmxyjjlgl3q5ljq",
     "/0/thumb/": "bx7q7pgsaiahx4n6ii2wfrkx4ypradqdgqns3vxoyhvifwlqepwra"
    }
   }
  ]
 }
}