{
 "sbType": "File",
 "snapshot": {
  "data": {
   "blocks": [
    {
     "id": "bafybeible3muu6xkgeztlfu4rhtd2ijbzeukfop2be7dycxm2q42f23epe",
     "restrictions": {
      "edit": true,
      "remove": true,
      "drag": true,
      "dropOn": true
     },
     "childrenIds": [
      "header",
      "file",
      "rel4"
     ],
     "smartblock": {

     }
    },
    {
     "id": "header",
     "restrictions": {
      "edit": true,
      "remove": true,
      "drag": true,
      "dropOn": true
     },
     "childrenIds": [
      "title",
      "featuredRelations"
     ],
     "layout": {
      "style": "Header"
     }
    },
    {
     "id": "file",
     "restrictions": {
      "edit": true,
      "remove": true,
      "drag": true,
      "dropOn": true
     },
     "file": {
      "hash": "bafybeible3muu6xkgeztlfu4rhtd2ijbzeukfop2be7dycxm2q42f23epe",
      "name": "file-sample_150kB.pdf",
      "type": "PDF",
      "mime": "application/pdf",
      "size": "142786",
      "state": "Done"
     }
    },
    {
     "id": "rel4",
     "restrictions": {
      "edit": true,
      "remove": true,
      "drag": true,
      "dropOn": true
     },
     "relation": {
      "key": "sizeInBytes"
     }
    },
    {
     "id": "title",
     "fields": {
       "_detailsKey": [
          "name",
          "done"
         ]
      },
     "restrictions": {
      "edit": true,
      "remove": true,
      "drag": true,
      "dropOn": true
     },
     "text": {
      "style": "Title",
      "marks": {

      }
     }
    },
    {
     "id": "featuredRelations",
     "restrictions": {
      "edit": true,
      "remove": true,
      "drag": true,
      "dropOn": true
     },
     "featuredRelations": {

     }
    }
   ],
   "details": {
     "addedDate": 1696067871,
     "backlinks": [
        "bafyreib34qqtqi6vr3cn2n3ep2hcpxo47tjet3h47uy3lu5f6ucxs63yi4"
       ],
     "createdDate": 1694349760,
     "creator": "_id_A8Mjw7Djy5fXzN9D9oDrMugn9NrXBgbMjt2Q9uYwaecx34KB",
     "featuredRelations": [
        "type"
       ],
     "fileExt": "pdf",
     "fileMimeType": "application/pdf",
     "fileSyncStatus": 1,
     "id": "bafybeible3muu6xkgeztlfu4rhtd2ijbzeukfop2be7dycxm2q42f23epe",
     "isReadonly": true,
     "lastModifiedBy": "_id_A8Mjw7Djy5fXzN9D9oDrMugn9NrXBgbMjt2Q9uYwaecx34KB",
     "lastModifiedDate": 1694349760,
     "layout": 6,
     "links": [
       ],
     "name": "file-sample_150kB",
     "origin": 2,
     "restrictions": [
        3,
        2,
        4,
        6,
        5,
        7,
        8
       ],
     "sizeInBytes": 142786,
     "snippet": "",
     "source": "files\\file-sample_150kb.pdf",
     "spaceId": "bafyreiedptrl42edsyi2pebpoopgasa2yfna6cgauzrjk5gyvwcpsywsmm.1ffzfstgd4p9l",
     "type": "bafyreicrv3ier6vkf2upojb2ykh76cuugvpm77mgm565at2wjfhycnzmqm"
    },
   "objectTypes": [
    "ot-file"
   ],
   "relationLinks": [
    {
     "key": "addedDate",
     "format": "date"
    },
    {
     "key": "layout",
     "format": "number"
    },
    {
     "key": "name",
     "format": "shorttext"
    },
    {
     "key": "sizeInBytes",
     "format": "number"
    },
    {
     "key": "fileMimeType"
    },
    {
     "key": "origin",
     "format": "number"
    },
    {
     "key": "createdDate",
     "format": "date"
    },
    {
     "key": "backlinks",
     "format": "object"
    },
    {
     "key": "restrictions",
     "format": "number"
    },
    {
     "key": "lastModifiedDate",
     "format": "date"
    },
    {
     "key": "id",
     "format": "object"
    },
    {
     "key": "isReadonly",
     "format": "checkbox"
    },
    {
     "key": "fileSyncStatus",
     "format": "number"
    },
    {
     "key": "snippet"
    },
    {
     "key": "lastModifiedBy",
     "format": "object"
    },
    {
     "key": "links",
     "format": "object"
    },
    {
     "key": "spaceId",
     "format": "object"
    },
    {
     "key": "type",
     "format": "object"
    },
    {
     "key": "creator",
     "format": "object"
    },
    {
     "key": "fileExt"
    }
   ]
  },
  "fileKeys": [
   {
    "hash": "bafybeible3muu6xkgeztlfu4rhtd2ijbzeukfop2be7dycxm2q42f23epe",
    "keys": {
     "/0/": "brvmcjkp3vwrgmdgcqemx76ees73qa6k6qxque4h3xpqlrllacbba"
    }
   }
  ]
 }
}