{
 "sbType": "Page",
 "snapshot": {
  "data": {
   "blocks": [
    {
     "id": "bafyreich4yeulktqmredizljjh3nye7vtibdv4g6xeujivijydrqnktwi4",
     "restrictions": {

     },
     "childrenIds": [
      "header",
      "65b11cb42fabc75124a9c90a",
      "65b11cc92fabc75124a9c90d",
      "65b11cde2fabc75124a9c910",
      "65b11cf02fabc75124a9c913"
     ],
     "smartblock": {

     }
    },
    {
     "id": "header",
     "restrictions": {
      "edit": true,
      "remove": true,
      "drag": true,
      "dropOn": true
     },
     "childrenIds": [
      "title",
      "featuredRelations"
     ],
     "layout": {
      "style": "Header"
     }
    },
    {
     "id": "65b11cb42fabc75124a9c90a",
     "restrictions": {

     },
     "file": {
      "hash": "bafybeigmayfnuhw4lcqhhnwjnmzjj2ge7vzc7w22o7gxtb5repgqinavra",
      "name": "sapin.png",
      "type": "Image",
      "mime": "image/png",
      "size": "116593",
      "addedAt": "1706106036",
      "state": "Done"
     }
    },
    {
     "id": "65b11cc92fabc75124a9c90d",
     "restrictions": {

     },
     "file": {
      "hash": "bafybeibzbis4s6lpgxlfz3mcqkz3wyay4fyylq73fywnmynrxuuncuig3a",
      "name": "crash_2023-11-01T23_40_51.log",
      "type": "File",
      "size": "23297",
      "addedAt": "1706106057",
      "state": "Done"
     }
    },
    {
     "id": "65b11cde2fabc75124a9c910",
     "restrictions": {

     },
     "file": {
      "hash": "bafybeia2iaa4wwqxsgi3nir3q3y3txnlxwcovu42hvnopqvs35iwq54gve",
      "name": "Free_Test_Data_100KB_MP3.mp3",
      "type": "Audio",
      "mime": "audio/mpeg",
      "size": "103016",
      "addedAt": "1706106078",
      "state": "Done"
     }
    },
    {
     "id": "65b11cf02fabc75124a9c913",
     "restrictions": {

     },
     "file": {
      "hash": "bafybeible3muu6xkgeztlfu4rhtd2ijbzeukfop2be7dycxm2q42f23epe",
      "name": "file-sample_150kB.pdf",
      "type": "PDF",
      "mime": "application/pdf",
      "size": "142786",
      "addedAt": "1706106096",
      "state": "Done",
      "style": "Link"
     }
    },
    {
     "id": "title",
     "fields": {
       "_detailsKey": [
          "name",
          "done"
         ]
      },
     "restrictions": {
      "remove": true,
      "drag": true,
      "dropOn": true
     },
     "text": {
      "style": "Title",
      "marks": {

      }
     }
    },
    {
     "id": "featuredRelations",
     "restrictions": {
      "remove": true,
      "drag": true,
      "dropOn": true
     },
     "featuredRelations": {

     }
    }
   ],
   "details": {
     "backlinks": [
       ],
     "createdDate": 1706106023,
     "creator": "_id_A8Mjw7Djy5fXzN9D9oDrMugn9NrXBgbMjt2Q9uYwaecx34KB",
     "featuredRelations": [
        "type",
        "backlinks"
       ],
     "id": "bafyreich4yeulktqmredizljjh3nye7vtibdv4g6xeujivijydrqnktwi4",
     "lastModifiedBy": "_id_A8Mjw7Djy5fXzN9D9oDrMugn9NrXBgbMjt2Q9uYwaecx34KB",
     "lastModifiedDate": 1706106101,
     "lastOpenedDate": 1706106023,
     "layout": 0,
     "links": [
        "bafybeibzbis4s6lpgxlfz3mcqkz3wyay4fyylq73fywnmynrxuuncuig3a",
        "bafybeia2iaa4wwqxsgi3nir3q3y3txnlxwcovu42hvnopqvs35iwq54gve",
        "bafybeible3muu6xkgeztlfu4rhtd2ijbzeukfop2be7dycxm2q42f23epe"
       ],
     "name": "Page source test files import",
     "restrictions": [
       ],
     "snippet": "",
     "spaceId": "bafyreie5sbrtzs23h446vmkwgj2s3cxn2gvj7g3wm5ghuhrr7idulbja2i.1ffzfstgd4p9l",
     "type": "bafyreifsuu5gnlnxbtcejay3h5cxrbczvff4iqx2krzk7zmgzxyasko5ne"
    },
   "objectTypes": [
    "ot-page"
   ],
   "relationLinks": [
    {
     "key": "id",
     "format": "object"
    },
    {
     "key": "name",
     "format": "shorttext"
    },
    {
     "key": "description"
    },
    {
     "key": "snippet"
    },
    {
     "key": "iconEmoji",
     "format": "emoji"
    },
    {
     "key": "iconImage",
     "format": "file"
    },
    {
     "key": "type",
     "format": "object"
    },
    {
     "key": "layout",
     "format": "number"
    },
    {
     "key": "layoutAlign",
     "format": "number"
    },
    {
     "key": "coverId"
    },
    {
     "key": "coverScale",
     "format": "number"
    },
    {
     "key": "coverType",
     "format": "number"
    },
    {
     "key": "coverX",
     "format": "number"
    },
    {
     "key": "coverY",
     "format": "number"
    },
    {
     "key": "createdDate",
     "format": "date"
    },
    {
     "key": "creator",
     "format": "object"
    },
    {
     "key": "lastModifiedDate",
     "format": "date"
    },
    {
     "key": "lastModifiedBy",
     "format": "object"
    },
    {
     "key": "lastOpenedDate",
     "format": "date"
    },
    {
     "key": "featuredRelations",
     "format": "object"
    },
    {
     "key": "isFavorite",
     "format": "checkbox"
    },
    {
     "key": "workspaceId",
     "format": "object"
    },
    {
     "key": "spaceId",
     "format": "object"
    },
    {
     "key": "links",
     "format": "object"
    },
    {
     "key": "internalFlags",
     "format": "number"
    },
    {
     "key": "restrictions",
     "format": "number"
    },
    {
     "key": "backlinks",
     "format": "object"
    }
   ]
  },
  "fileKeys": [
   {
    "hash": "bafybeigmayfnuhw4lcqhhnwjnmzjj2ge7vzc7w22o7gxtb5repgqinavra",
    "keys": {
     "/0/exif/": "blcnlwsy67jgflb5mory4dlar7z4pi7nen56czphoy56iiy3umsbq",
     "/0/large/": "bf72377ukz6lcpe4lzvngp5rxnw24x6iilcaeujmxyjjlgl3q5ljq",
     "/0/original/": "bf72377ukz6lcpe4lzvngp5rxnw24x6iilcaeujmxyjjlgl3q5ljq",
     "/0/small/": "bf72377ukz6lcpe4lzvngp5rxnw24x6iilcaeujmxyjjlgl3q5ljq",
     "/0/thumb/": "bx7q7pgsaiahx4n6ii2wfrkx4ypradqdgqns3vxoyhvifwlqepwra"
    }
   },
   {
    "hash": "bafybeibzbis4s6lpgxlfz3mcqkz3wyay4fyylq73fywnmynrxuuncuig3a",
    "keys": {
     "/0/": "bz7thsgglttk3lg262xw6z2gub4lw3lh7gnps5cs7pbap6mymfw3a"
    }
   },
   {
    "hash": "bafybeia2iaa4wwqxsgi3nir3q3y3txnlxwcovu42hvnopqvs35iwq54gve",
    "keys": {
     "/0/": "bwxktylew7twypstqyeozeiw4od62xasmo7wwvgnqa4cg3xx63apq"
    }
   },
   {
    "hash": "bafybeible3muu6xkgeztlfu4rhtd2ijbzeukfop2be7dycxm2q42f23epe",
    "keys": {
     "/0/": "brvmcjkp3vwrgmdgcqemx76ees73qa6k6qxque4h3xpqlrllacbba"
    }
   }
  ]
 }
}